tconst,primaryTitle,isAdult,startYear,runtimeMinutes,genres,averageRating,numVotes
tt0010323,The Cabinet of Dr. Caligari,0,1920,76,"Horror,Mystery,Thriller",8.0,68328
tt0012349,The Kid,0,1921,68,"Comedy,Drama,Family",8.2,132092
tt0013442,Nosferatu,0,1922,94,"Fantasy,Horror",7.9,103056
tt0015324,Sherlock Jr.,0,1924,45,"Action,Comedy,Romance",8.2,54640
tt0015864,The Gold Rush,0,1925,95,"Adventure,Comedy,Drama",8.1,116287
tt0017136,Metropolis,0,1927,153,"Drama,Sci-Fi",8.3,181651
tt0017925,The General,0,1926,78,"Action,Adventure,Comedy",8.1,96062
tt0018455,Sunrise,0,1927,94,"Drama,Romance",8.1,53047
tt0018773,The Circus,0,1928,72,"Comedy,Family,Romance",8.1,35394
tt0019254,The Passion of Joan of Arc,0,1928,110,"Biography,Drama,History",8.1,58927
tt0020629,All Quiet on the Western Front,0,1930,152,"Drama,War",8.1,66442
tt0021749,City Lights,0,1931,87,"Comedy,Drama,Romance",8.5,192216
tt0022100,M,0,1931,117,"Crime,Mystery,Thriller",8.3,165063
tt0025316,It Happened One Night,0,1934,105,"Comedy,Romance",8.1,109532
tt0027977,Modern Times,0,1936,87,"Comedy,Drama,Romance",8.5,253834
tt0028950,The Grand Illusion,0,1937,113,"Drama,War",8.1,38233
tt0031381,Gone with the Wind,0,1939,238,"Drama,Romance,War",8.2,327830
tt0031679,Mr. Smith Goes to Washington,0,1939,129,"Comedy,Drama",8.1,119451
tt0032138,The Wizard of Oz,0,1939,102,"Adventure,Family,Fantasy",8.1,418594
tt0032551,The Grapes of Wrath,0,1940,129,Drama,8.1,98071
tt0032553,The Great Dictator,0,1940,125,"Comedy,Drama,War",8.4,233059
tt0032976,Rebecca,0,1940,130,"Drama,Film-Noir,Mystery",8.1,143672
tt0033045,The Shop Around the Corner,0,1940,99,"Comedy,Drama,Romance",8.0,36435
tt0033467,Citizen Kane,0,1941,119,"Drama,Mystery",8.3,457974
tt0033870,The Maltese Falcon,0,1941,100,"Crime,Film-Noir,Mystery",8.0,164216
tt0034583,Casablanca,0,1942,102,"Drama,Romance,War",8.5,594323
tt0035446,To Be or Not to Be,0,1942,99,"Comedy,Romance,War",8.2,41280
tt0036775,Double Indemnity,0,1944,107,"Crime,Drama,Film-Noir",8.3,163991
tt0036868,The Best Years of Our Lives,0,1946,170,"Drama,Romance,War",8.1,68708
tt0037558,Brief Encounter,0,1945,86,"Drama,Romance",8.0,42952
tt0038650,It's a Wonderful Life,0,1946,130,"Drama,Family,Fantasy",8.6,481304
tt0038890,"Rome, Open City",0,1945,103,"Drama,Thriller,War",8.0,28256
tt0039689,Out of the Past,0,1947,97,"Crime,Drama,Film-Noir",8.0,39858
tt0040522,Bicycle Thieves,0,1948,89,Drama,8.3,171208
tt0040725,The Red Shoes,0,1948,135,"Drama,Music,Romance",8.1,37848
tt0040897,The Treasure of the Sierra Madre,0,1948,126,"Adventure,Drama,Western",8.2,130214
tt0041546,Kind Hearts and Coronets,0,1949,106,"Comedy,Crime",8.0,39062
tt0041959,The Third Man,0,1949,104,"Film-Noir,Mystery,Thriller",8.1,178427
tt0042041,White Heat,0,1949,114,"Action,Crime,Drama",8.1,34963
tt0042192,All About Eve,0,1950,138,Drama,8.2,136308
tt0042876,Rashomon,0,1950,88,"Crime,Drama,Mystery",8.2,176446
tt0043014,Sunset Blvd.,0,1950,110,"Drama,Film-Noir",8.4,231513
tt0043338,Ace in the Hole,0,1951,111,"Drama,Film-Noir",8.1,38312
tt0044706,High Noon,0,1952,85,"Drama,Thriller,Western",8.0,108458
tt0044741,Ikiru,0,1952,143,Drama,8.3,84610
tt0045152,Singin' in the Rain,0,1952,103,"Comedy,Musical,Romance",8.3,254492
tt0045274,Umberto D.,0,1952,89,Drama,8.2,27469
tt0046250,Roman Holiday,0,1953,118,"Comedy,Romance",8.0,144821
tt0046268,The Wages of Fear,0,1953,131,"Adventure,Drama,Thriller",8.2,64796
tt0046359,Stalag 17,0,1953,120,"Comedy,Drama,War",8.0,57734
tt0046438,Tokyo Story,0,1953,136,Drama,8.1,66248
tt0046911,Diabolique,0,1955,117,"Crime,Drama,Horror",8.1,68366
tt0046912,Dial M for Murder,0,1954,105,"Crime,Thriller",8.2,184626
tt0047296,On the Waterfront,0,1954,108,"Crime,Drama,Thriller",8.1,161352
tt0047396,Rear Window,0,1954,112,"Mystery,Thriller",8.5,511430
tt0047478,Seven Samurai,0,1954,207,"Action,Drama",8.6,359617
tt0047528,La strada,0,1954,108,Drama,8.0,65643
tt0048021,Rififi,0,1955,118,"Crime,Drama,Thriller",8.1,36196
tt0048424,The Night of the Hunter,0,1955,92,"Crime,Drama,Film-Noir",8.0,95075
tt0048473,Pather Panchali,0,1955,125,Drama,8.2,36634
tt0050083,12 Angry Men,0,1957,96,"Crime,Drama",9.0,838376
tt0050212,The Bridge on the River Kwai,0,1957,161,"Adventure,Drama,War",8.1,229465
tt0050613,Throne of Blood,0,1957,110,Drama,8.1,54772
tt0050783,Nights of Cabiria,0,1957,110,Drama,8.1,51172
tt0050825,Paths of Glory,0,1957,88,"Drama,War",8.4,207342
tt0050976,The Seventh Seal,0,1957,96,"Drama,Fantasy",8.1,194130
tt0050986,Wild Strawberries,0,1957,91,"Drama,Romance",8.1,112439
tt0051036,Sweet Smell of Success,0,1957,96,"Drama,Film-Noir",8.0,34734
tt0051201,Witness for the Prosecution,0,1957,116,"Crime,Drama,Mystery",8.4,133370
tt0051808,The Hidden Fortress,0,1958,139,"Action,Adventure,Drama",8.1,41306
tt0052311,Touch of Evil,0,1958,95,"Crime,Drama,Film-Noir",8.0,108239
tt0052357,Vertigo,0,1958,128,"Mystery,Romance,Thriller",8.3,418479
tt0052561,Anatomy of a Murder,0,1959,161,"Drama,Mystery",8.0,69709
tt0052618,Ben-Hur,0,1959,212,"Adventure,Drama",8.1,248938
tt0053125,North by Northwest,0,1959,136,"Action,Adventure,Mystery",8.3,339958
tt0053198,The 400 Blows,0,1959,99,"Crime,Drama",8.1,125042
tt0053221,Rio Bravo,0,1959,141,"Drama,Western",8.0,66609
tt0053291,Some Like It Hot,0,1959,121,"Comedy,Music,Romance",8.2,278098
tt0053604,The Apartment,0,1960,125,"Comedy,Drama,Romance",8.3,191263
tt0053779,La Dolce Vita,0,1960,174,"Comedy,Drama",8.0,76732
tt0053946,Inherit the Wind,0,1960,128,"Biography,Drama,History",8.1,32081
tt0053976,The Virgin Spring,0,1960,89,Drama,8.0,30973
tt0054215,Psycho,0,1960,109,"Horror,Mystery,Thriller",8.5,703248
tt0054997,The Hustler,0,1961,134,"Drama,Sport",8.0,85458
tt0055031,Judgment at Nuremberg,0,1961,179,"Drama,War",8.3,82441
tt0055601,Viridiana,0,1961,91,Drama,8.1,25685
tt0055630,Yojimbo,0,1961,110,"Action,Drama,Thriller",8.2,128543
tt0056058,Harakiri,0,1962,133,"Action,Drama,Mystery",8.6,64669
tt0056111,Ivan's Childhood,0,1962,95,"Drama,War",8.0,38921
tt0056172,Lawrence of Arabia,0,1962,218,"Adventure,Biography,Drama",8.3,307115
tt0056217,The Man Who Shot Liberty Valance,0,1962,123,"Drama,Western",8.1,80490
tt0056443,Sanjuro,0,1962,96,"Action,Drama,Thriller",8.0,40256
tt0056592,To Kill a Mockingbird,0,1962,129,"Crime,Drama",8.3,327386
tt0056687,What Ever Happened to Baby Jane?,0,1962,134,"Drama,Horror,Thriller",8.0,60250
tt0056732,The Exterminating Angel,0,1962,95,"Drama,Fantasy",8.0,34861
tt0056801,8½,0,1963,138,Drama,8.0,123066
tt0057012,Dr. Strangelove or: How I Learned to Stop Worrying and Love the Bomb,0,1964,95,"Comedy,War",8.4,508625
tt0057115,The Great Escape,0,1963,172,"Adventure,Drama,History",8.2,254078
tt0057358,Winter Light,0,1963,81,Drama,8.0,26469
tt0057565,High and Low,0,1963,143,"Crime,Drama,Mystery",8.4,50360
tt0058946,The Battle of Algiers,0,1966,121,"Drama,War",8.1,64018
tt0059578,For a Few Dollars More,0,1965,132,"Drama,Western",8.2,268371
tt0059742,The Sound of Music,0,1965,172,"Biography,Drama,Family",8.1,250853
tt0060107,Andrei Rublev,0,1966,205,"Biography,Drama,History",8.1,56016
tt0060196,"The Good, the Bad and the Ugly",0,1966,161,"Adventure,Western",8.8,793171
tt0060827,Persona,0,1966,85,"Drama,Thriller",8.1,127570
tt0061184,Who's Afraid of Virginia Woolf?,0,1966,131,Drama,8.0,78650
tt0061512,Cool Hand Luke,0,1967,127,"Crime,Drama",8.1,185298
tt0061722,The Graduate,0,1967,106,"Comedy,Drama,Romance",8.0,284295
tt0062229,Le Samouraï,0,1967,105,"Crime,Drama,Thriller",8.0,55060
tt0062622,2001: A Space Odyssey,0,1968,149,"Adventure,Sci-Fi",8.3,702115
tt0063442,Planet of the Apes,0,1968,112,"Adventure,Sci-Fi",8.0,188395
tt0063522,Rosemary's Baby,0,1968,137,"Drama,Horror",8.0,229604
tt0064115,Butch Cassidy and the Sundance Kid,0,1969,110,"Biography,Crime,Drama",8.0,223563
tt0064116,Once Upon a Time in the West,0,1968,166,Western,8.5,342981
tt0065234,Z,0,1969,127,"Crime,Drama,Thriller",8.2,30657
tt0066763,Anand,0,1971,122,"Drama,Musical",8.1,34843
tt0066921,A Clockwork Orange,0,1971,136,"Crime,Sci-Fi",8.3,863751
tt0067093,Fiddler on the Roof,0,1971,181,"Drama,Family,Musical",8.0,46336
tt0067328,The Last Picture Show,0,1971,118,"Drama,Romance",8.0,51226
tt0068646,The Godfather,0,1972,175,"Crime,Drama",9.2,1961487
tt0069281,Sleuth,0,1972,138,"Mystery,Thriller",8.0,49454
tt0069293,Solaris,0,1972,167,"Drama,Mystery,Sci-Fi",8.0,96181
tt0069467,Cries & Whispers,0,1972,91,Drama,8.0,36157
tt0070047,The Exorcist,0,1973,122,Horror,8.1,442453
tt0070510,Paper Moon,0,1973,102,"Comedy,Crime,Drama",8.1,51012
tt0070511,Papillon,0,1973,151,"Biography,Crime,Drama",8.0,136195
tt0070735,The Sting,0,1973,129,"Comedy,Crime,Drama",8.3,273912
tt0071315,Chinatown,0,1974,130,"Drama,Mystery,Thriller",8.2,341673
tt0071411,Dersu Uzala,0,1975,142,"Adventure,Biography,Drama",8.2,32635
tt0071562,The Godfather Part II,0,1974,202,"Crime,Drama",9.0,1331746
tt0071853,Monty Python and the Holy Grail,0,1975,91,"Adventure,Comedy,Fantasy",8.2,560553
tt0072417,A Woman Under the Influence,0,1974,155,"Drama,Romance",8.1,27727
tt0072431,Young Frankenstein,0,1974,106,Comedy,8.0,166089
tt0072443,Mirror,0,1975,107,"Biography,Drama",8.0,50580
tt0072684,Barry Lyndon,0,1975,185,"Adventure,Drama,War",8.1,178107
tt0072890,Dog Day Afternoon,0,1975,125,"Biography,Crime,Drama",8.0,268652
tt0073195,Jaws,0,1975,124,"Adventure,Mystery,Thriller",8.1,643869
tt0073486,One Flew Over the Cuckoo's Nest,0,1975,133,Drama,8.7,1048377
tt0073707,Sholay,0,1975,204,"Action,Adventure,Comedy",8.1,57892
tt0074896,The Message,0,1976,177,"Biography,Drama,History",8.1,49836
tt0074958,Network,0,1976,121,Drama,8.1,166506
tt0075148,Rocky,0,1976,120,"Drama,Sport",8.1,612973
tt0075314,Taxi Driver,0,1976,114,"Crime,Drama",8.2,891926
tt0075686,Annie Hall,0,1977,93,"Comedy,Romance",8.0,273650
tt0076759,Star Wars: Episode IV - A New Hope,0,1977,121,"Action,Adventure,Fantasy",8.6,1419925
tt0077416,The Deer Hunter,0,1978,183,"Drama,War",8.1,354186
tt0077711,Autumn Sonata,0,1978,99,"Drama,Music",8.1,36805
tt0078748,Alien,0,1979,117,"Horror,Sci-Fi",8.5,925147
tt0078788,Apocalypse Now,0,1979,147,"Drama,Mystery,War",8.4,695155
tt0079470,Life of Brian,0,1979,94,Comedy,8.0,416189
tt0079944,Stalker,0,1979,162,"Drama,Sci-Fi",8.1,141157
tt0080455,The Blues Brothers,0,1980,133,"Action,Adventure,Comedy",7.9,209353
tt0080678,The Elephant Man,0,1980,124,"Biography,Drama",8.2,253069
tt0080684,Star Wars: Episode V - The Empire Strikes Back,0,1980,124,"Action,Adventure,Fantasy",8.7,1348651
tt0081398,Raging Bull,0,1980,129,"Biography,Drama,Sport",8.1,371283
tt0081505,The Shining,0,1980,146,"Drama,Horror",8.4,1078421
tt0082096,Das Boot,0,1981,149,"Drama,War",8.4,259847
tt0082971,Raiders of the Lost Ark,0,1981,115,"Action,Adventure",8.4,1017145
tt0083658,Blade Runner,0,1982,117,"Action,Drama,Sci-Fi",8.1,804170
tt0083866,E.T. the Extra-Terrestrial,0,1982,115,"Adventure,Family,Sci-Fi",7.9,428498
tt0083922,Fanny and Alexander,0,1982,188,Drama,8.1,66260
tt0083946,Fitzcarraldo,0,1982,158,"Adventure,Drama",8.0,37461
tt0083987,Gandhi,0,1982,191,"Biography,Drama,History",8.0,237943
tt0084503,Pink Floyd: The Wall,0,1982,95,"Drama,Fantasy,Music",8.0,84068
tt0084787,The Thing,0,1982,109,"Horror,Mystery,Sci-Fi",8.2,452138
tt0086190,Star Wars: Episode VI - Return of the Jedi,0,1983,131,"Action,Adventure,Fantasy",8.3,1098193
tt0086250,Scarface,0,1983,170,"Crime,Drama",8.3,890388
tt0086879,Amadeus,0,1984,160,"Biography,Drama,Music",8.4,419105
tt0087544,Nausicaä of the Valley of the Wind,0,1984,117,"Adventure,Animation,Sci-Fi",8.0,177530
tt0087843,Once Upon a Time in America,0,1984,229,"Crime,Drama",8.3,368809
tt0087884,"Paris, Texas",0,1984,145,Drama,8.1,114087
tt0088247,The Terminator,0,1984,107,"Action,Sci-Fi",8.1,904224
tt0088763,Back to the Future,0,1985,116,"Adventure,Comedy,Sci-Fi",8.5,1270979
tt0089881,Ran,0,1985,160,"Action,Drama,War",8.2,132697
tt0090605,Aliens,0,1986,137,"Action,Adventure,Sci-Fi",8.4,746676
tt0091251,Come and See,0,1985,142,"Drama,Thriller,War",8.4,91211
tt0091288,Jean de Florette,0,1986,120,"Comedy,Drama",8.1,27049
tt0091763,Platoon,0,1986,120,"Drama,War",8.1,430229
tt0092005,Stand by Me,0,1986,89,"Adventure,Comedy,Drama",8.1,429475
tt0092067,Castle in the Sky,0,1986,125,"Adventure,Animation,Family",8.0,176041
tt0092593,"Goodbye, Children",0,1987,104,"Drama,War",8.0,35526
tt0093058,Full Metal Jacket,0,1987,116,"Drama,War",8.3,773639
tt0093779,The Princess Bride,0,1987,98,"Adventure,Comedy,Family",8.0,442571
tt0094625,Akira,0,1988,124,"Action,Animation,Drama",8.0,198857
tt0095016,Die Hard,0,1988,132,"Action,Thriller",8.2,916277
tt0095327,Grave of the Fireflies,0,1988,89,"Animation,Drama,War",8.5,298123
tt0095765,Cinema Paradiso,0,1988,155,"Drama,Romance",8.5,275506
tt0095953,Rain Man,0,1988,133,Drama,8.0,535749
tt0096283,My Neighbor Totoro,0,1988,86,"Animation,Comedy,Family",8.1,364444
tt0097165,Dead Poets Society,0,1989,128,"Comedy,Drama",8.1,525929
tt0097216,Do the Right Thing,0,1989,120,"Comedy,Drama",8.0,109527
tt0097223,Time of the Gypsies,0,1988,142,"Comedy,Crime,Drama",8.1,32133
tt0097576,Indiana Jones and the Last Crusade,0,1989,127,"Action,Adventure",8.2,794947
tt0099348,Dances with Wolves,0,1990,181,"Adventure,Drama,Western",8.0,283045
tt0099487,Edward Scissorhands,0,1990,105,"Drama,Fantasy,Romance",7.9,512820
tt0099685,Goodfellas,0,1990,145,"Biography,Crime,Drama",8.7,1222388
tt0101414,Beauty and the Beast,0,1991,84,"Animation,Family,Fantasy",8.0,471944
tt0101640,Raise the Red Lantern,0,1991,125,"Drama,Romance",8.1,34561
tt0102138,JFK,0,1991,189,"Drama,History,Thriller",8.0,165964
tt0102926,The Silence of the Lambs,0,1991,118,"Crime,Drama,Thriller",8.6,1504269
tt0103064,Terminator 2: Judgment Day,0,1991,137,"Action,Sci-Fi",8.6,1147357
tt0103639,Aladdin,0,1992,90,"Adventure,Animation,Comedy",8.0,451792
tt0105236,Reservoir Dogs,0,1992,99,"Crime,Thriller",8.3,1064390
tt0105323,Scent of a Woman,0,1992,156,Drama,8.0,319345
tt0105695,Unforgiven,0,1992,130,"Drama,Western",8.2,427972
tt0106332,Farewell My Concubine,0,1992,171,"Drama,Music,Romance",8.1,31962
tt0107048,Groundhog Day,0,1993,101,"Comedy,Drama,Fantasy",8.0,665832
tt0107207,In the Name of the Father,0,1993,133,"Biography,Crime,Drama",8.1,183386
tt0107290,Jurassic Park,0,1993,127,"Action,Adventure,Sci-Fi",8.2,1040048
tt0107688,The Nightmare Before Christmas,0,1993,76,"Animation,Family,Fantasy",7.9,363323
tt0108052,Schindler's List,0,1993,195,"Biography,Drama,History",9.0,1414799
tt0108399,True Romance,0,1993,119,"Crime,Drama,Romance",7.9,237636
tt0109117,Andaz Apna Apna,0,1994,160,"Action,Comedy,Romance",8.0,54688
tt0109424,Chungking Express,0,1994,102,"Comedy,Crime,Drama",8.0,91582
tt0109830,Forrest Gump,0,1994,142,"Drama,Romance",8.8,2191611
tt0110357,The Lion King,0,1994,88,"Adventure,Animation,Drama",8.5,1112109
tt0110413,Léon: The Professional,0,1994,110,"Action,Crime,Drama",8.5,1215238
tt0110912,Pulp Fiction,0,1994,154,"Crime,Drama",8.9,2158425
tt0111161,The Shawshank Redemption,0,1994,142,Drama,9.3,2814439
tt0111495,Three Colors: Red,0,1994,99,"Drama,Mystery,Romance",8.1,108021
tt0112471,Before Sunrise,0,1995,101,"Drama,Romance",8.1,329648
tt0112573,Braveheart,0,1995,178,"Biography,Drama,History",8.3,1072352
tt0112641,Casino,0,1995,178,"Crime,Drama",8.2,548800
tt0112870,Dilwale Dulhania Le Jayenge,0,1995,189,"Drama,Romance",8.0,74881
tt0113247,La haine,0,1995,98,"Crime,Drama",8.1,188944
tt0113277,Heat,0,1995,170,"Action,Crime,Drama",8.3,697603
tt0114369,Se7en,0,1995,127,"Crime,Drama,Mystery",8.6,1744904
tt0114709,Toy Story,0,1995,81,"Adventure,Animation,Comedy",8.3,1042922
tt0114746,12 Monkeys,0,1995,129,"Mystery,Sci-Fi,Thriller",8.0,637168
tt0114787,Underground,0,1995,170,"Comedy,Drama,Fantasy",8.1,60331
tt0114814,The Usual Suspects,0,1995,106,"Crime,Drama,Mystery",8.5,1123618
tt0116231,The Bandit,0,1996,128,"Crime,Drama,Thriller",8.1,71474
tt0116282,Fargo,0,1996,98,"Crime,Thriller",8.1,706196
tt0117589,Secrets & Lies,0,1996,136,"Comedy,Drama",8.0,46138
tt0117666,Sling Blade,0,1996,135,Drama,8.0,97334
tt0117951,Trainspotting,0,1996,93,Drama,8.1,712387
tt0118694,In the Mood for Love,0,2000,98,"Drama,Romance",8.1,161504
tt0118715,The Big Lebowski,0,1998,117,"Comedy,Crime",8.1,841996
tt0118749,Boogie Nights,0,1997,155,Drama,7.9,277000
tt0118799,Life Is Beautiful,0,1997,116,"Comedy,Drama,Romance",8.6,726226
tt0118843,"Black Cat, White Cat",0,1998,127,"Comedy,Crime,Romance",8.0,55665
tt0118849,Children of Heaven,0,1997,89,"Drama,Family,Sport",8.2,78679
tt0119217,Good Will Hunting,0,1997,126,"Drama,Romance",8.3,1028523
tt0119488,L.A. Confidential,0,1997,138,"Crime,Drama,Mystery",8.2,603790
tt0119698,Princess Mononoke,0,1997,134,"Action,Adventure,Animation",8.3,418480
tt0120338,Titanic,0,1997,194,"Drama,Romance",7.9,1251577
tt0120382,The Truman Show,0,1998,103,"Comedy,Drama",8.2,1154218
tt0120586,American History X,0,1998,119,"Crime,Drama",8.5,1163480
tt0120689,The Green Mile,0,1999,189,"Crime,Drama,Fantasy",8.6,1368816
tt0120731,The Legend of 1900,0,1998,169,"Drama,Music,Romance",8.0,67897
tt0120735,"Lock, Stock and Two Smoking Barrels",0,1998,107,"Action,Comedy,Crime",8.1,605007
tt0120737,The Lord of the Rings: The Fellowship of the Ring,0,2001,178,"Action,Adventure,Drama",8.8,1954624
tt0120815,Saving Private Ryan,0,1998,169,"Drama,War",8.6,1457944
tt0126029,Shrek,0,2001,90,"Adventure,Animation,Comedy",7.9,714467
tt0129167,The Iron Giant,0,1999,86,"Action,Adventure,Animation",8.1,217919
tt0133093,The Matrix,0,1999,136,"Action,Sci-Fi",8.7,2000974
tt0137523,Fight Club,0,1999,139,Drama,8.8,2249283
tt0140888,Central Station,0,1998,110,Drama,8.0,41500
tt0154420,The Celebration,0,1998,105,Drama,8.1,91796
tt0156887,Perfect Blue,0,1997,81,"Animation,Crime,Drama",8.0,89149
tt0166896,The Straight Story,0,1999,112,"Biography,Drama",8.0,95094
tt0166924,Mulholland Drive,0,2001,147,"Drama,Mystery,Thriller",7.9,374814
tt0167260,The Lord of the Rings: The Return of the King,0,2003,201,"Action,Adventure,Drama",9.0,1927176
tt0167261,The Lord of the Rings: The Two Towers,0,2002,179,"Action,Adventure,Drama",8.8,1738158
tt0167404,The Sixth Sense,0,1999,107,"Drama,Mystery,Thriller",8.2,1029334
tt0169102,Lagaan: Once Upon a Time in India,0,2001,224,"Drama,Musical,Sport",8.1,118566
tt0169547,American Beauty,0,1999,122,Drama,8.3,1190465
tt0169858,Neon Genesis Evangelion: The End of Evangelion,0,1997,87,"Action,Animation,Drama",8.1,61139
tt0172495,Gladiator,0,2000,155,"Action,Adventure,Drama",8.5,1572220
tt0175880,Magnolia,0,1999,188,Drama,8.0,323742
tt0180093,Requiem for a Dream,0,2000,102,Drama,8.3,879128
tt0181875,Almost Famous,0,2000,122,"Adventure,Comedy,Drama",7.9,288236
tt0198781,"Monsters, Inc.",0,2001,92,"Adventure,Animation,Comedy",8.1,954501
tt0200087,Sarfarosh,0,1999,174,"Action,Crime,Drama",8.1,26501
tt0206634,Children of Men,0,2006,109,"Action,Drama,Sci-Fi",7.9,519838
tt0208092,Snatch,0,2000,104,"Comedy,Crime",8.2,890166
tt0209144,Memento,0,2000,113,"Mystery,Thriller",8.4,1293322
tt0211915,Amélie,0,2001,122,"Comedy,Romance",8.3,781063
tt0242519,Hera Pheri,0,2000,156,"Action,Comedy,Crime",8.1,70936
tt0244316,Yi Yi,0,2000,173,"Drama,Romance",8.1,27284
tt0245429,Spirited Away,0,2001,125,"Adventure,Animation,Family",8.6,816034
tt0245712,Amores Perros,0,2000,154,"Drama,Thriller",8.1,249315
tt0246578,Donnie Darko,0,2001,113,"Drama,Mystery,Sci-Fi",8.0,833750
tt0253474,The Pianist,0,2002,150,"Biography,Drama,Music",8.5,883992
tt0263438,Everything's Gonna Be Great,0,1998,107,"Comedy,Drama,Thriller",8.1,26914
tt0264464,Catch Me If You Can,0,2002,141,"Biography,Crime,Drama",8.1,1055951
tt0266543,Finding Nemo,0,2003,100,"Adventure,Animation,Comedy",8.2,1088498
tt0266697,Kill Bill: Vol. 1,0,2003,111,"Action,Crime,Thriller",8.2,1164281
tt0268978,A Beautiful Mind,0,2001,135,"Biography,Drama",8.2,967041
tt0270053,Vizontele,0,2001,110,"Comedy,Drama",8.0,38125
tt0276919,Dogville,0,2003,178,"Crime,Drama",8.0,155724
tt0292490,Dil Chahta Hai,0,2001,183,"Comedy,Drama,Romance",8.1,74734
tt0293715,My Sassy Girl,0,2001,137,"Comedy,Drama,Romance",8.0,49859
tt0304141,Harry Potter and the Prisoner of Azkaban,0,2004,142,"Adventure,Family,Fantasy",7.9,670923
tt0317248,City of God,0,2002,130,"Crime,Drama",8.6,785001
tt0317705,The Incredibles,0,2004,115,"Action,Adventure,Animation",8.0,783877
tt0319061,Big Fish,0,2003,125,"Adventure,Drama,Fantasy",8.0,452960
tt0325980,Pirates of the Caribbean: The Curse of the Black Pearl,0,2003,143,"Action,Adventure,Fantasy",8.1,1180359
tt0338013,Eternal Sunshine of the Spotless Mind,0,2004,108,"Drama,Romance,Sci-Fi",8.3,1051257
tt0338564,Infernal Affairs,0,2002,101,"Action,Crime,Drama",8.0,129322
tt0347149,Howl's Moving Castle,0,2004,119,"Adventure,Animation,Family",8.2,428010
tt0352248,Cinderella Man,0,2005,144,"Biography,Drama,Romance",8.0,194964
tt0353969,Memories of Murder,0,2003,131,"Crime,Drama,Mystery",8.1,205565
tt0359950,The Secret Life of Walter Mitty,0,2013,114,"Adventure,Comedy,Drama",7.3,331807
tt0361748,Inglourious Basterds,0,2009,153,"Adventure,Drama,War",8.4,1534699
tt0363163,Downfall,0,2004,156,"Biography,Drama,History",8.2,368414
tt0364569,Oldboy,0,2003,120,"Action,Drama,Mystery",8.4,615234
tt0365748,Shaun of the Dead,0,2004,99,"Comedy,Horror",7.9,582060
tt0367110,Swades,0,2004,210,"Drama,Musical",8.2,95772
tt0369610,Jurassic World,0,2015,124,"Action,Adventure,Sci-Fi",6.9,667887
tt0369702,The Sea Inside,0,2004,126,"Biography,Drama",8.0,84273
tt0371746,Iron Man,0,2008,126,"Action,Adventure,Sci-Fi",7.9,1101930
tt0372784,Batman Begins,0,2005,140,"Action,Crime,Drama",8.2,1541748
tt0374546,"Spring, Summer, Fall, Winter... and Spring",0,2003,103,"Drama,Romance",8.0,85707
tt0374887,Munna Bhai M.B.B.S.,0,2003,156,"Comedy,Drama",8.1,86305
tt0375611,Black,0,2005,122,Drama,8.1,35684
tt0378194,Kill Bill: Vol. 2,0,2004,137,"Action,Crime,Thriller",8.0,788089
tt0381061,Casino Royale,0,2006,144,"Action,Adventure,Thriller",8.0,681592
tt0381681,Before Sunset,0,2004,80,"Drama,Romance",8.1,280762
tt0382932,Ratatouille,0,2007,111,"Adventure,Animation,Comedy",8.1,794107
tt0384116,G.O.R.A.,0,2004,127,"Adventure,Comedy,Sci-Fi",8.0,65597
tt0386064,Tae Guk Gi: The Brotherhood of War,0,2004,140,"Action,Drama,War",8.0,40708
tt0395169,Hotel Rwanda,0,2004,121,"Biography,Drama,History",8.1,366880
tt0398286,Tangled,0,2010,100,"Adventure,Animation,Comedy",7.7,480723
tt0401383,The Diving Bell and the Butterfly,0,2007,112,"Biography,Drama",8.0,109638
tt0401729,John Carter,0,2012,132,"Action,Adventure,Sci-Fi",6.6,282300
tt0401792,Sin City,0,2005,124,"Crime,Thriller",8.0,786155
tt0405094,The Lives of Others,0,2006,137,"Drama,Mystery,Thriller",8.4,402928
tt0405159,Million Dollar Baby,0,2004,132,"Drama,Sport",8.1,709821
tt0405508,Rang De Basanti,0,2006,167,"Comedy,Crime,Drama",8.1,121398
tt0407887,The Departed,0,2006,151,"Crime,Drama,Thriller",8.5,1387714
tt0408664,Nobody Knows,0,2004,141,Drama,8.0,30229
tt0409847,Cowboys & Aliens,0,2011,119,"Action,Drama,Sci-Fi",6.0,228877
tt0429493,The A-Team,0,2010,117,"Action,Adventure,Crime",6.7,266199
tt0432283,Fantastic Mr. Fox,0,2009,87,"Adventure,Animation,Comedy",7.9,259418
tt0433035,Real Steel,0,2011,127,"Action,Drama,Sci-Fi",7.1,347884
tt0434409,V for Vendetta,0,2005,132,"Action,Drama,Sci-Fi",8.2,1158650
tt0435761,Toy Story 3,0,2010,103,"Adventure,Animation,Comedy",8.3,873672
tt0437086,Alita: Battle Angel,0,2019,122,"Action,Adventure,Sci-Fi",7.3,286067
tt0440963,The Bourne Ultimatum,0,2007,115,"Action,Mystery,Thriller",8.0,650815
tt0443272,Lincoln,0,2012,150,"Biography,Drama,History",7.3,268754
tt0446029,Scott Pilgrim vs. the World,0,2010,112,"Action,Comedy,Fantasy",7.5,451663
tt0448115,Shazam!,0,2019,132,"Action,Adventure,Comedy",7.0,374755
tt0450259,Blood Diamond,0,2006,143,"Adventure,Drama,Thriller",8.0,574418
tt0451279,Wonder Woman,0,2017,141,"Action,Adventure,Fantasy",7.4,686744
tt0454876,Life of Pi,0,2012,127,"Adventure,Drama,Fantasy",7.9,654964
tt0454921,The Pursuit of Happyness,0,2006,117,"Biography,Drama",8.0,545495
tt0455944,The Equalizer,0,2014,132,"Action,Crime,Thriller",7.2,403647
tt0456144,"Carry On, Munna Bhai",0,2006,144,"Comedy,Drama,Romance",8.0,48822
tt0457430,Pan's Labyrinth,0,2006,118,"Drama,Fantasy,War",8.2,691388
tt0458339,Captain America: The First Avenger,0,2011,124,"Action,Adventure,Sci-Fi",6.9,879743
tt0468569,The Dark Knight,0,2008,152,"Action,Crime,Drama",9.0,2796107
tt0469494,There Will Be Blood,0,2007,158,Drama,8.2,623103
tt0470752,Ex Machina,0,2014,108,"Drama,Sci-Fi,Thriller",7.7,571898
tt0473075,Prince of Persia: The Sands of Time,0,2010,116,"Action,Adventure,Fantasy",6.6,299790
tt0476735,My Father and My Son,0,2005,112,"Drama,Family",8.2,90287
tt0477080,Unstoppable,0,2010,98,"Action,Thriller",6.8,204849
tt0477348,No Country for Old Men,0,2007,122,"Crime,Drama,Thriller",8.2,1029317
tt0478970,Ant-Man,0,2015,117,"Action,Comedy,Sci-Fi",7.3,706736
tt0481499,The Croods,0,2013,98,"Action,Adventure,Animation",7.2,227050
tt0482571,The Prestige,0,2006,130,"Drama,Mystery,Sci-Fi",8.5,1404194
tt0499549,Avatar,0,2009,162,"Action,Adventure,Fantasy",7.9,1364037
tt0758752,Love & Other Drugs,0,2010,112,"Comedy,Drama,Romance",6.7,217305
tt0758758,Into the Wild,0,2007,148,"Adventure,Biography,Drama",8.1,645727
tt0770828,Man of Steel,0,2013,143,"Action,Adventure,Sci-Fi",7.1,799276
tt0780504,Drive,0,2011,100,"Action,Drama",7.8,685664
tt0780536,In Bruges,0,2008,107,"Comedy,Crime,Drama",7.9,452487
tt0790636,Dallas Buyers Club,0,2013,117,"Biography,Drama",7.9,509345
tt0790724,Jack Reacher,0,2012,130,"Action,Mystery,Thriller",7.0,357123
tt0796366,Star Trek,0,2009,127,"Action,Adventure,Sci-Fi",7.9,615224
tt0800320,Clash of the Titans,0,2010,106,"Action,Adventure,Fantasy",5.8,289717
tt0800369,Thor,0,2011,115,"Action,Fantasy",7.0,884189
tt0803096,Warcraft,0,2016,123,"Action,Adventure,Fantasy",6.7,274222
tt0808417,Persepolis,0,2007,96,"Animation,Biography,Drama",8.0,98494
tt0816692,Interstellar,0,2014,169,"Adventure,Drama,Sci-Fi",8.7,2006196
tt0816711,World War Z,0,2013,116,"Action,Adventure,Horror",7.0,702391
tt0829150,Dracula Untold,0,2014,92,"Action,Drama,Fantasy",6.2,204288
tt0831387,Godzilla,0,2014,123,"Action,Adventure,Sci-Fi",6.4,429281
tt0837562,Hotel Transylvania,0,2012,91,"Adventure,Animation,Comedy",7.0,273426
tt0840361,The Town,0,2010,125,"Crime,Drama,Thriller",7.5,407820
tt0848228,The Avengers,0,2012,143,"Action,Sci-Fi",8.0,1437527
tt0861739,Elite Squad,0,2007,115,"Action,Crime,Drama",8.0,108231
tt0870154,Jungle Cruise,0,2021,127,"Action,Adventure,Comedy",6.6,206171
tt0871510,Chak De! India,0,2007,153,"Drama,Family,Sport",8.1,83502
tt0892769,How to Train Your Dragon,0,2010,98,"Action,Adventure,Animation",8.1,779573
tt0892791,Shrek Forever After,0,2010,95,"Adventure,Animation,Comedy",6.3,219359
tt0903624,The Hobbit: An Unexpected Journey,0,2012,169,"Adventure,Fantasy",7.8,856064
tt0910970,WALL·E,0,2008,98,"Adventure,Animation,Family",8.4,1170188
tt0926084,Harry Potter and the Deathly Hallows: Part 1,0,2010,146,"Adventure,Family,Fantasy",7.7,581467
tt0944835,Salt,0,2010,100,"Action,Thriller",6.4,325727
tt0945513,Source Code,0,2011,93,"Action,Drama,Mystery",7.5,539719
tt0947798,Black Swan,0,2010,108,"Drama,Thriller",8.0,804041
tt0948470,The Amazing Spider-Man,0,2012,136,"Action,Adventure,Sci-Fi",6.9,686910
tt0955308,Robin Hood,0,2010,140,"Action,Adventure,Drama",6.6,278789
tt0964517,The Fighter,0,2010,116,"Action,Biography,Drama",7.8,382877
tt0970179,Hugo,0,2011,126,"Adventure,Drama,Family",7.5,332606
tt0974015,Justice League,0,2017,120,"Action,Adventure,Fantasy",6.1,471041
tt0978762,Mary and Max,0,2009,92,"Animation,Comedy,Drama",8.1,183727
tt0978764,Sucker Punch,0,2011,110,"Action,Adventure,Fantasy",6.0,248940
tt0983193,The Adventures of Tintin,0,2011,107,"Action,Adventure,Animation",7.3,239727
tt0985694,Machete,0,2010,105,"Action,Crime,Thriller",6.6,202177
tt0986264,Like Stars on Earth,0,2007,162,"Drama,Family",8.3,202419
tt0993842,Hanna,0,2011,111,"Action,Adventure,Drama",6.8,204882
tt0993846,The Wolf of Wall Street,0,2013,180,"Biography,Comedy,Crime",8.2,1522161
tt1001526,Megamind,0,2010,95,"Action,Animation,Comedy",7.3,285218
tt1010048,Slumdog Millionaire,0,2008,120,"Crime,Drama,Romance",8.0,867136
tt1013743,Knight and Day,0,2010,109,"Action,Adventure,Comedy",6.3,206738
tt1014759,Alice in Wonderland,0,2010,108,"Adventure,Family,Fantasy",6.4,432702
tt1016150,All Quiet on the Western Front,0,2022,148,"Action,Drama,War",7.8,225921
tt10189514,Soorarai Pottru,0,2020,153,"Action,Drama",8.7,121435
tt1024648,Argo,0,2012,120,"Biography,Drama,Thriller",7.7,631138
tt10272386,The Father,0,2020,97,"Drama,Mystery",8.2,179757
tt10280296,Sardar Udham,0,2021,164,"Biography,Crime,Drama",8.4,45495
tt1028532,Hachi: A Dog's Tale,0,2009,93,"Biography,Drama,Family",8.1,302572
tt10295212,Shershaah,0,2021,135,"Action,Biography,Drama",8.3,126935
tt10324144,Article 15,0,2019,130,"Crime,Drama,Mystery",8.1,35904
tt1033575,The Descendants,0,2011,115,"Comedy,Drama",7.3,247626
tt10366206,John Wick: Chapter 4,0,2023,169,"Action,Crime,Thriller",7.7,292290
tt10366460,CODA,0,2021,111,"Comedy,Drama,Music",8.0,154770
tt1037705,The Book of Eli,0,2010,118,"Action,Adventure,Drama",6.8,332870
tt10431500,Miracle in Cell No. 7,0,2019,132,Drama,8.2,53480
tt1045658,Silver Linings Playbook,0,2012,122,"Comedy,Drama,Romance",7.7,731090
tt1049413,Up,0,2009,96,"Adventure,Animation,Comedy",8.3,1096204
tt1051906,The Invisible Man,0,2020,124,"Drama,Horror,Mystery",7.1,246214
tt10648342,Thor: Love and Thunder,0,2022,118,"Action,Adventure,Comedy",6.2,381787
tt1065073,Boyhood,0,2014,165,Drama,7.9,363517
tt1069238,Departures,0,2008,130,Drama,8.0,54167
tt10698680,K.G.F: Chapter 2,0,2022,166,"Action,Crime,Drama",8.3,143938
tt1074638,Skyfall,0,2012,143,"Action,Adventure,Thriller",7.8,719435
tt1077368,Dark Shadows,0,2012,113,"Comedy,Family,Fantasy",6.2,276621
tt10811166,The Kashmir Files,0,2022,170,Drama,8.6,571940
tt10838180,The Matrix Resurrections,0,2021,148,"Action,Sci-Fi",5.7,270419
tt10872600,Spider-Man: No Way Home,0,2021,148,"Action,Adventure,Fantasy",8.2,839801
tt1091191,Lone Survivor,0,2013,121,"Action,Biography,Drama",7.5,300584
tt1092026,Paul,0,2011,104,"Adventure,Comedy,Sci-Fi",6.9,262682
tt10954600,Ant-Man and the Wasp: Quantumania,0,2023,124,"Action,Adventure,Comedy",6.1,209240
tt10954984,Nope,0,2022,130,"Horror,Mystery,Sci-Fi",6.8,248122
tt11032374,Demon Slayer: Kimetsu no Yaiba - The Movie: Mugen Train,0,2020,117,"Action,Adventure,Animation",8.2,68694
tt1104001,TRON: Legacy,0,2010,125,"Action,Adventure,Sci-Fi",6.8,350167
tt11083552,Wrath of Man,0,2021,119,"Action,Crime,Thriller",7.1,198330
tt11138512,The Northman,0,2022,137,"Action,Adventure,Drama",7.0,238484
tt1120985,Blue Valentine,0,2010,112,"Drama,Romance",7.3,207294
tt1124035,The Ides of March,0,2011,101,"Drama,Thriller",7.1,228200
tt11286314,Don't Look Up,0,2021,138,"Comedy,Drama,Sci-Fi",7.2,575089
tt1130884,Shutter Island,0,2010,138,"Mystery,Thriller",8.2,1405654
tt1133985,Green Lantern,0,2011,114,"Action,Adventure,Sci-Fi",5.5,292587
tt1155076,The Karate Kid,0,2010,140,"Action,Drama,Family",6.2,199545
tt11564570,Glass Onion,0,2022,139,"Comedy,Crime,Drama",7.1,415225
tt1160419,Dune,0,2021,155,"Action,Adventure,Drama",8.0,723534
tt1170358,The Hobbit: The Desolation of Smaug,0,2013,161,"Adventure,Drama,Fantasy",7.8,690212
tt1171701,The Breath,0,2009,128,"Action,Drama,Thriller",8.0,34724
tt1179933,10 Cloverfield Lane,0,2016,103,"Drama,Horror,Mystery",7.2,346696
tt11813216,The Banshees of Inisherin,0,2022,114,"Comedy,Drama",7.7,230865
tt11866324,Prey,0,2022,100,"Action,Adventure,Drama",7.1,216780
tt1187043,3 Idiots,0,2009,170,"Comedy,Drama",8.4,420568
tt1189340,The Lincoln Lawyer,0,2011,118,"Crime,Drama,Mystery",7.3,249614
tt1192628,Rango,0,2011,107,"Action,Adventure,Animation",7.2,286154
tt1194173,The Bourne Legacy,0,2012,135,"Action,Adventure,Thriller",6.6,311894
tt1201607,Harry Potter and the Deathly Hallows: Part 2,0,2011,130,"Adventure,Family,Fantasy",8.1,922467
tt1205489,Gran Torino,0,2008,116,Drama,8.1,801147
tt1210166,Moneyball,0,2011,133,"Biography,Drama,Sport",7.6,451924
tt1210819,The Lone Ranger,0,2013,150,"Action,Adventure,Western",6.4,241773
tt1211837,Doctor Strange,0,2016,115,"Action,Adventure,Fantasy",7.5,784152
tt1211956,Escape Plan,0,2013,115,"Action,Thriller",6.7,253724
tt1212450,Lawless,0,2012,116,"Biography,Crime,Drama",7.2,250234
tt1213641,First Man,0,2018,141,"Biography,Drama,History",7.3,197968
tt1213663,The World's End,0,2013,109,"Action,Comedy,Sci-Fi",6.9,293890
tt1216475,Cars 2,0,2011,106,"Adventure,Animation,Comedy",6.2,208979
tt1217209,Brave,0,2012,93,"Action,Adventure,Animation",7.1,431963
tt1219289,Limitless,0,2011,105,"Sci-Fi,Thriller",7.4,599961
tt1219827,Ghost in the Shell,0,2017,107,"Action,Crime,Drama",6.3,224165
tt1220719,Ip Man,0,2008,106,"Action,Biography,Drama",8.0,230995
tt1228705,Iron Man 2,0,2010,124,"Action,Sci-Fi",6.9,851761
tt1229238,Mission: Impossible - Ghost Protocol,0,2011,132,"Action,Adventure,Thriller",7.4,519348
tt1231583,Due Date,0,2010,95,"Comedy,Drama",6.5,353935
tt1232829,21 Jump Street,0,2012,109,"Action,Comedy,Crime",7.2,586148
tt1234721,RoboCop,0,2014,117,"Action,Crime,Sci-Fi",6.1,236396
tt12361178,Drishyam 2,0,2021,152,"Crime,Drama,Thriller",8.4,39905
tt12361974,Zack Snyder's Justice League,0,2021,242,"Action,Adventure,Fantasy",7.9,426278
tt1243957,The Tourist,0,2010,103,"Action,Thriller",6.0,252706
tt1245492,This Is the End,0,2013,107,"Comedy,Fantasy",6.6,428409
tt1245526,RED,0,2010,111,"Action,Comedy,Crime",7.0,319455
tt1250777,Kick-Ass,0,2010,117,"Action,Comedy,Crime",7.6,583784
tt1253863,300: Rise of an Empire,0,2014,102,"Action,Drama,War",6.2,311618
tt1255953,Incendies,0,2010,131,"Drama,Mystery,War",8.3,190821
tt12593682,Bullet Train,0,2022,127,"Action,Comedy,Thriller",7.3,391111
tt1259521,The Cabin in the Woods,0,2011,95,"Horror,Mystery,Thriller",7.0,440876
tt1270797,Venom,0,2018,112,"Action,Adventure,Sci-Fi",6.6,521752
tt1270798,X-Men: First Class,0,2011,131,"Action,Sci-Fi",7.7,713296
tt1272878,2 Guns,0,2013,109,"Action,Comedy,Thriller",6.7,221882
tt1276104,Looper,0,2012,119,"Action,Drama,Sci-Fi",7.4,594016
tt1280558,A Wednesday,0,2008,104,"Action,Crime,Drama",8.1,81067
tt1282140,Easy A,0,2010,92,"Comedy,Drama,Romance",7.0,408714
tt1284575,Bad Teacher,0,2011,92,"Comedy,Romance",5.6,209919
tt1285016,The Social Network,0,2010,120,"Biography,Drama",7.8,739326
tt1289401,Ghostbusters,0,2016,117,"Action,Comedy,Fantasy",6.8,240674
tt1291150,Teenage Mutant Ninja Turtles,0,2014,101,"Action,Adventure,Comedy",5.8,217653
tt1291584,Warrior,0,2011,140,"Action,Drama,Sport",8.1,489351
tt1298650,Pirates of the Caribbean: On Stranger Tides,0,2011,137,"Action,Adventure,Fantasy",6.6,551965
tt1300854,Iron Man 3,0,2013,130,"Action,Adventure,Sci-Fi",7.1,883638
tt1302006,The Irishman,0,2019,209,"Biography,Crime,Drama",7.8,416831
tt1302011,Kung Fu Panda 2,0,2011,90,"Action,Adventure,Animation",7.2,306889
tt1305806,The Secret in Their Eyes,0,2009,129,"Drama,Mystery,Romance",8.2,218154
tt1306980,50/50,0,2011,100,"Comedy,Drama,Romance",7.6,339780
tt1318514,Rise of the Planet of the Apes,0,2011,105,"Action,Drama,Sci-Fi",7.6,547735
tt1320253,The Expendables,0,2010,103,"Action,Adventure,Thriller",6.4,359894
tt1321870,Gangster Squad,0,2013,113,"Action,Crime,Drama",6.7,220754
tt1323594,Despicable Me,0,2010,95,"Adventure,Animation,Comedy",7.6,570793
tt13238346,Past Lives,0,2023,105,"Drama,Romance",8.0,37082
tt1324999,The Twilight Saga: Breaking Dawn - Part 1,0,2011,117,"Adventure,Drama,Fantasy",4.9,250043
tt1325004,The Twilight Saga: Eclipse,0,2010,124,"Action,Adventure,Drama",5.1,256065
tt1340138,Terminator Genisys,0,2015,126,"Action,Adventure,Sci-Fi",6.3,288782
tt1340800,Tinker Tailor Soldier Spy,0,2011,127,"Drama,Mystery,Thriller",7.0,209289
tt1343092,The Great Gatsby,0,2013,143,"Drama,Romance",7.2,579526
tt1343727,Dredd,0,2012,95,"Action,Crime,Sci-Fi",7.1,288544
tt1345836,The Dark Knight Rises,0,2012,164,"Action,Drama,Thriller",8.4,1784605
tt1355644,Passengers,0,2016,116,"Drama,Romance,Sci-Fi",7.0,432491
tt1365519,Tomb Raider,0,2018,119,"Action,Adventure,Fantasy",6.3,223016
tt1371111,Cloud Atlas,0,2012,172,"Drama,Mystery,Sci-Fi",7.4,370408
tt1375666,Inception,0,2010,148,"Action,Adventure,Sci-Fi",8.8,2481710
tt1375670,Grown Ups,0,2010,102,Comedy,6.0,267406
tt1385826,The Adjustment Bureau,0,2011,106,"Crime,Mystery,Romance",7.0,266437
tt1386588,The Other Guys,0,2010,107,"Action,Comedy,Crime",6.6,282254
tt1386697,Suicide Squad,0,2016,123,"Action,Adventure,Fantasy",5.9,710341
tt1386703,Total Recall,0,2012,118,"Action,Adventure,Sci-Fi",6.2,262982
tt1392170,The Hunger Games,0,2012,142,"Action,Adventure,Sci-Fi",7.2,965844
tt1392190,Mad Max: Fury Road,0,2015,120,"Action,Adventure,Sci-Fi",8.1,1054026
tt1392214,Prisoners,0,2013,153,"Crime,Drama,Mystery",8.1,777198
tt1396484,It,0,2017,135,Horror,7.3,587712
tt1397280,Taken 2,0,2012,92,"Action,Crime,Thriller",6.2,317769
tt1398426,Straight Outta Compton,0,2015,147,"Biography,Drama,History",7.8,213440
tt1399103,Transformers: Dark of the Moon,0,2011,154,"Action,Adventure,Sci-Fi",6.2,426297
tt1401152,Unknown,0,2011,113,"Action,Mystery,Thriller",6.8,267351
tt1403865,True Grit,0,2010,110,"Drama,Western",7.6,352051
tt1408101,Star Trek Into Darkness,0,2013,132,"Action,Adventure,Sci-Fi",7.7,493230
tt1409024,Men in Black 3,0,2012,106,"Action,Adventure,Comedy",6.8,379973
tt1411238,No Strings Attached,0,2011,108,"Comedy,Romance",6.2,240429
tt1411697,The Hangover Part II,0,2011,102,Comedy,6.5,523694
tt1424381,Predators,0,2010,107,"Action,Adventure,Fantasy",6.4,240211
tt1428538,Hansel & Gretel: Witch Hunters,0,2013,88,"Action,Fantasy,Horror",6.1,213931
tt1430132,The Wolverine,0,2013,126,"Action,Sci-Fi",6.7,484448
tt1431045,Deadpool,0,2016,108,"Action,Comedy",8.0,1093610
tt1436562,Rio,0,2011,96,"Adventure,Animation,Comedy",6.9,242463
tt1440129,Battleship,0,2012,131,"Action,Adventure,Sci-Fi",5.8,254710
tt1446714,Prometheus,0,2012,124,"Adventure,Mystery,Sci-Fi",7.0,630907
tt1453405,Monsters University,0,2013,104,"Adventure,Animation,Comedy",7.2,380082
tt1454029,The Help,0,2011,146,Drama,8.1,481807
tt1454468,Gravity,0,2013,91,"Drama,Sci-Fi,Thriller",7.7,850500
tt1457767,The Conjuring,0,2013,112,"Horror,Mystery,Thriller",7.5,541589
tt1458175,The Next Three Days,0,2010,133,"Action,Crime,Drama",7.3,203084
tt1464335,Uncharted,0,2022,116,"Action,Adventure",6.3,240052
tt1464540,I Am Number Four,0,2011,111,"Action,Adventure,Sci-Fi",6.1,243877
tt1469304,Baywatch,0,2017,116,"Action,Comedy,Crime",5.5,197518
tt1477834,Aquaman,0,2018,143,"Action,Adventure,Fantasy",6.8,504167
tt1478338,Bridesmaids,0,2011,125,Comedy,6.8,304607
tt1483013,Oblivion,0,2013,124,"Action,Adventure,Sci-Fi",7.0,544619
tt1485796,The Greatest Showman,0,2017,105,"Biography,Drama,Musical",7.5,301288
tt1489889,Central Intelligence,0,2016,107,"Action,Comedy,Crime",6.3,206549
tt1490017,The Lego Movie,0,2014,100,"Action,Adventure,Animation",7.7,379887
tt1499658,Horrible Bosses,0,2011,98,"Comedy,Crime",6.9,463442
tt1504320,The King's Speech,0,2010,118,"Biography,Drama,History",8.0,699307
tt15097216,Jai Bhim,0,2021,164,"Crime,Drama,Mystery",8.8,211743
tt1515091,Sherlock Holmes: A Game of Shadows,0,2011,129,"Action,Adventure,Mystery",7.4,472867
tt1517268,Barbie,0,2023,114,"Adventure,Comedy,Fantasy",7.0,371504
tt1517451,A Star Is Born,0,2018,136,"Drama,Music,Romance",7.6,407419
tt15327088,Kantara,0,2022,148,"Action,Adventure,Drama",8.2,98849
tt1535108,Elysium,0,2013,109,"Action,Drama,Sci-Fi",6.6,463915
tt1535109,Captain Phillips,0,2013,134,"Action,Biography,Crime",7.8,482833
tt15398776,Oppenheimer,0,2023,180,"Biography,Drama,History",8.5,471503
tt1542344,127 Hours,0,2010,94,"Biography,Drama",7.5,393577
tt15501640,Drishyam 2,0,2022,140,"Crime,Drama,Mystery",8.2,41075
tt1555149,Elite Squad 2: The Enemy Within,0,2010,115,"Action,Crime,Drama",8.0,85626
tt1562872,Zindagi Na Milegi Dobara,0,2011,155,"Comedy,Drama,Musical",8.2,83575
tt1564367,Just Go with It,0,2011,117,"Comedy,Romance",6.4,259306
tt1568346,The Girl with the Dragon Tattoo,0,2011,158,"Crime,Drama,Mystery",7.8,483366
tt1570728,"Crazy, Stupid, Love.",0,2011,118,"Comedy,Drama,Romance",7.4,548326
tt1587310,Maleficent,0,2014,97,"Adventure,Family,Fantasy",6.9,393390
tt1588173,Warm Bodies,0,2013,98,"Comedy,Horror,Romance",6.8,239747
tt1591095,Insidious,0,2010,103,"Horror,Mystery,Thriller",6.8,332055
tt1596343,Fast Five,0,2011,130,"Action,Crime,Thriller",7.3,400154
tt1596363,The Big Short,0,2015,130,"Biography,Comedy,Drama",7.8,467498
tt1598778,Contagion,0,2011,106,"Drama,Thriller",6.8,311828
tt1599348,Safe House,0,2012,115,"Action,Thriller",6.7,231982
tt1601913,The Grey,0,2011,117,"Action,Adventure,Drama",6.7,259969
tt1605630,American Reunion,0,2012,113,Comedy,6.7,221368
tt1605783,Midnight in Paris,0,2011,94,"Comedy,Fantasy,Romance",7.6,442510
tt1606378,A Good Day to Die Hard,0,2013,98,"Action,Thriller",5.2,212608
tt1606389,The Vow,0,2012,104,"Drama,Romance",6.8,201304
tt1620933,Paan Singh Tomar,0,2012,135,"Action,Biography,Crime",8.2,37448
tt1623205,Oz the Great and Powerful,0,2013,130,"Adventure,Family,Fantasy",6.3,212601
tt1630029,Avatar: The Way of Water,0,2022,192,"Action,Adventure,Fantasy",7.6,465763
tt1631867,Edge of Tomorrow,0,2014,113,"Action,Adventure,Sci-Fi",7.9,717170
tt1632708,Friends with Benefits,0,2011,109,"Comedy,Romance",6.5,387065
tt1636826,Project X,0,2012,88,Comedy,6.6,226490
tt1637688,In Time,0,2011,109,"Action,Sci-Fi,Thriller",6.7,435282
tt1637725,Ted,0,2012,106,Comedy,6.9,641318
tt1638355,The Man from U.N.C.L.E.,0,2015,116,"Action,Adventure,Comedy",7.2,325849
tt1639426,Udaan,0,2010,134,Drama,8.1,46399
tt1645170,The Dictator,0,2012,83,Comedy,6.4,326264
tt1646971,How to Train Your Dragon 2,0,2014,102,"Action,Adventure,Animation",7.8,355086
tt1649418,The Gray Man,0,2022,122,"Action,Thriller",6.5,227189
tt1649419,The Impossible,0,2012,114,"Adventure,Drama,History",7.5,235726
tt1650062,Super 8,0,2011,112,"Action,Mystery,Sci-Fi",7.0,363941
tt1650554,Kick-Ass 2,0,2013,103,"Action,Comedy,Crime",6.5,283995
tt1655442,The Artist,0,2011,100,"Comedy,Drama,Romance",7.9,246571
tt1659337,The Perks of Being a Wallflower,0,2012,103,Drama,7.9,536871
tt1663202,The Revenant,0,2015,156,"Action,Adventure,Drama",8.0,848626
tt1663662,Pacific Rim,0,2013,131,"Action,Adventure,Sci-Fi",6.9,521033
tt1667889,Ice Age: Continental Drift,0,2012,88,"Adventure,Animation,Comedy",6.5,219911
tt1670345,Now You See Me,0,2013,115,"Crime,Mystery,Thriller",7.2,691484
tt1673434,The Twilight Saga: Breaking Dawn - Part 2,0,2012,115,"Adventure,Drama,Fantasy",5.5,258461
tt1675434,The Intouchables,0,2011,112,"Biography,Comedy,Drama",8.5,903584
tt1677720,Ready Player One,0,2018,140,"Action,Adventure,Sci-Fi",7.4,467496
tt1690953,Despicable Me 2,0,2013,98,"Adventure,Animation,Comedy",7.3,417266
tt1700841,Sausage Party,0,2016,89,"Adventure,Animation,Comedy",6.1,205543
tt1706593,Chronicle,0,2012,89,"Action,Drama,Sci-Fi",7.0,259930
tt1706620,Snowpiercer,0,2013,126,"Action,Drama,Sci-Fi",7.1,379826
tt1707386,Les Misérables,0,2012,158,"Drama,Musical,Romance",7.5,340943
tt1723121,We're the Millers,0,2013,110,"Comedy,Crime",7.0,475930
tt1723811,Shame,0,2011,101,Drama,7.2,203020
tt1727824,Bohemian Rhapsody,0,2018,134,"Biography,Drama,Music",7.9,572217
tt1731141,Ender's Game,0,2013,114,"Action,Adventure,Sci-Fi",6.6,250148
tt1735898,Snow White and the Huntsman,0,2012,127,"Action,Adventure,Drama",6.1,298711
tt1745960,Top Gun: Maverick,0,2022,130,"Action,Drama",8.3,638086
tt1748122,Moonrise Kingdom,0,2012,94,"Comedy,Drama,Family",7.8,362598
tt1764651,The Expendables 2,0,2012,103,"Action,Adventure,Thriller",6.6,318501
tt1772341,Wreck-It Ralph,0,2012,101,"Adventure,Animation,Comedy",7.7,447173
tt1790809,Pirates of the Caribbean: Dead Men Tell No Tales,0,2017,129,"Action,Adventure,Fantasy",6.5,334640
tt1790864,The Maze Runner,0,2014,113,"Action,Mystery,Sci-Fi",6.8,494666
tt1790885,Zero Dark Thirty,0,2012,157,"Drama,History,Thriller",7.4,313593
tt1798684,Southpaw,0,2015,124,"Action,Drama,Sport",7.3,252279
tt1798709,Her,0,2013,126,"Drama,Romance,Sci-Fi",8.0,650872
tt1800241,American Hustle,0,2013,138,"Crime,Drama",7.2,494588
tt1815862,After Earth,0,2013,100,"Action,Adventure,Sci-Fi",4.8,206843
tt1817273,The Place Beyond the Pines,0,2012,140,"Crime,Drama,Thriller",7.3,284218
tt1821480,Kahaani,0,2012,122,"Mystery,Thriller",8.1,64733
tt1823672,Chappie,0,2015,120,"Action,Crime,Drama",6.8,264649
tt1825683,Black Panther,0,2018,134,"Action,Adventure,Sci-Fi",7.3,818733
tt1832382,A Separation,0,2011,123,Drama,8.3,253840
tt1840309,Divergent,0,2014,139,"Action,Adventure,Mystery",6.6,478946
tt1843866,Captain America: The Winter Soldier,0,2014,136,"Action,Adventure,Sci-Fi",7.8,882573
tt1853728,Django Unchained,0,2012,165,"Drama,Western",8.5,1645118
tt1855199,End of Watch,0,2012,109,"Action,Crime,Drama",7.6,262561
tt1856101,Blade Runner 2049,0,2017,164,"Action,Drama,Mystery",8.0,629621
tt1865505,Song of the Sea,0,2014,93,"Adventure,Animation,Drama",8.0,61838
tt1872181,The Amazing Spider-Man 2,0,2014,142,"Action,Adventure,Sci-Fi",6.6,525231
tt1872194,The Judge,0,2014,141,"Crime,Drama",7.4,198691
tt1877830,The Batman,0,2022,176,"Action,Crime,Drama",7.8,740119
tt1877832,X-Men: Days of Future Past,0,2014,132,"Action,Adventure,Sci-Fi",7.9,734150
tt1895587,Spotlight,0,2015,129,"Biography,Crime,Drama",8.1,491632
tt1899353,The Raid: Redemption,0,2011,101,"Action,Crime,Thriller",7.6,213529
tt1905041,Fast & Furious 6,0,2013,130,"Action,Adventure,Crime",7.0,410525
tt1907668,Flight,0,2012,138,"Drama,Thriller",7.3,369668
tt1922777,Sinister,0,2012,110,"Horror,Mystery,Thriller",6.8,272270
tt1931533,Seven Psychopaths,0,2012,110,"Comedy,Crime",7.1,269795
tt1950186,Ford v Ferrari,0,2019,152,"Action,Biography,Drama",8.1,441814
tt1951261,The Hangover Part III,0,2013,100,"Comedy,Crime",5.8,329139
tt1951264,The Hunger Games: Catching Fire,0,2013,146,"Action,Adventure,Sci-Fi",7.5,695940
tt1951265,The Hunger Games: Mockingjay - Part 1,0,2014,123,"Action,Adventure,Sci-Fi",6.6,482121
tt1951266,The Hunger Games: Mockingjay - Part 2,0,2015,137,"Action,Adventure,Sci-Fi",6.5,353042
tt1954470,Gangs of Wasseypur,0,2012,321,"Action,Comedy,Crime",8.2,101303
tt1959490,Noah,0,2014,138,"Action,Adventure,Drama",5.8,263218
tt1959563,The Hitman's Bodyguard,0,2017,118,"Action,Comedy,Crime",6.9,242136
tt1972591,King Arthur: Legend of the Sword,0,2017,126,"Action,Adventure,Drama",6.7,227595
tt1979320,Rush,0,2013,123,"Action,Biography,Drama",8.1,501962
tt1979376,Toy Story 4,0,2019,100,"Adventure,Animation,Comedy",7.7,270772
tt1980209,Pain & Gain,0,2013,129,"Action,Biography,Comedy",6.4,226107
tt1981115,Thor: The Dark World,0,2013,112,"Action,Adventure,Fantasy",6.8,711670
tt1981677,Pitch Perfect,0,2012,112,"Comedy,Music,Romance",7.1,323767
tt2004420,Neighbors,0,2014,97,Comedy,6.3,323884
tt2005151,War Dogs,0,2016,114,"Biography,Comedy,Crime",7.1,242166
tt2015381,Guardians of the Galaxy,0,2014,121,"Action,Adventure,Comedy",8.0,1248494
tt2024469,Non-Stop,0,2014,106,"Action,Mystery,Thriller",6.9,273737
tt2024544,12 Years a Slave,0,2013,134,"Biography,Drama,History",8.1,727806
tt2082197,Barfi!,0,2012,151,"Comedy,Drama,Romance",8.1,85198
tt2084970,The Imitation Game,0,2014,114,"Biography,Drama,Thriller",8.0,806625
tt20850406,Sita Ramam,0,2022,163,"Action,Drama,Mystery",8.6,63815
tt2094766,Assassin's Creed,0,2016,115,"Action,Adventure,Sci-Fi",5.6,205856
tt2096673,Inside Out,0,2015,95,"Adventure,Animation,Comedy",8.1,758820
tt2103281,Dawn of the Planet of the Apes,0,2014,130,"Action,Adventure,Drama",7.6,458318
tt2106476,The Hunt,0,2012,115,Drama,8.3,352443
tt2109248,Transformers: Age of Extinction,0,2014,165,"Action,Adventure,Sci-Fi",5.6,327500
tt2119532,Hacksaw Ridge,0,2016,139,"Biography,Drama,History",8.1,572104
tt2126355,San Andreas,0,2015,114,"Action,Adventure,Thriller",6.1,251295
tt2140203,Wolf Children,0,2012,117,"Animation,Drama,Family",8.1,48007
tt2140479,The Accountant,0,2016,128,"Action,Thriller",7.3,311089
tt2179136,American Sniper,0,2014,133,"Action,Biography,Drama",7.3,516430
tt2184339,The Purge,0,2013,85,"Horror,Sci-Fi,Thriller",5.7,235521
tt2194499,About Time,0,2013,123,"Comedy,Drama,Fantasy",7.8,374040
tt2209764,Transcendence,0,2014,119,"Action,Drama,Sci-Fi",6.2,236271
tt2229499,Don Jon,0,2013,90,"Comedy,Drama,Romance",6.5,244969
tt2234155,The Internship,0,2013,119,Comedy,6.3,212285
tt2245084,Big Hero 6,0,2014,102,"Action,Adventure,Animation",7.8,488358
tt2250912,Spider-Man: Homecoming,0,2017,133,"Action,Adventure,Sci-Fi",7.4,699375
tt2267998,Gone Girl,0,2014,149,"Drama,Mystery,Thriller",8.1,1036278
tt2277860,Finding Dory,0,2016,97,"Adventure,Animation,Comedy",7.2,294569
tt2278388,The Grand Budapest Hotel,0,2014,99,"Adventure,Comedy,Crime",8.1,863314
tt2283362,Jumanji: Welcome to the Jungle,0,2017,119,"Action,Adventure,Comedy",6.9,407801
tt2283748,OMG: Oh My God!,0,2012,125,"Comedy,Drama,Fantasy",8.1,63616
tt2293640,Minions,0,2015,91,"Adventure,Animation,Comedy",6.4,252568
tt2294449,22 Jump Street,0,2014,112,"Action,Comedy,Crime",7.0,397133
tt2294629,Frozen,0,2013,102,"Adventure,Animation,Comedy",7.4,649958
tt2302755,Olympus Has Fallen,0,2013,119,"Action,Thriller",6.5,287869
tt2310332,The Hobbit: The Battle of the Five Armies,0,2014,144,"Adventure,Fantasy",7.4,558021
tt2316204,Alien: Covenant,0,2017,122,"Horror,Sci-Fi,Thriller",6.4,295568
tt2316411,Enemy,0,2013,91,"Drama,Mystery,Thriller",6.9,207887
tt2321549,The Babadook,0,2014,94,"Horror,Mystery",6.8,241087
tt2322441,Fifty Shades of Grey,0,2015,125,"Drama,Romance,Thriller",4.2,330546
tt2334873,Blue Jasmine,0,2013,98,"Comedy,Drama",7.3,210129
tt2334879,White House Down,0,2013,131,"Action,Drama,Thriller",6.3,232559
tt2338151,PK,0,2014,153,"Comedy,Drama,Sci-Fi",8.1,196662
tt2345759,The Mummy,0,2017,111,"Action,Adventure,Fantasy",5.4,200761
tt2356180,Bhaag Milkha Bhaag,0,2013,186,"Biography,Drama,Sport",8.2,70951
tt2361509,The Intern,0,2015,121,"Comedy,Drama",7.1,267327
tt2377938,Special 26,0,2013,144,"Crime,Drama,Thriller",8.0,58195
tt2379713,Spectre,0,2015,148,"Action,Adventure,Thriller",6.8,457876
tt2380307,Coco,0,2017,105,"Adventure,Animation,Drama",8.4,561271
tt2381249,Mission: Impossible - Rogue Nation,0,2015,131,"Action,Adventure,Thriller",7.4,401986
tt2381941,Focus,0,2015,105,"Comedy,Crime,Drama",6.6,267115
tt2382320,No Time to Die,0,2021,163,"Action,Adventure,Thriller",7.3,431414
tt2395427,Avengers: Age of Ultron,0,2015,141,"Action,Adventure,Sci-Fi",7.3,903195
tt2397535,Predestination,0,2014,97,"Action,Drama,Sci-Fi",7.4,296010
tt2404435,The Magnificent Seven,0,2016,132,"Action,Adventure,Drama",6.9,223762
tt2406566,Atomic Blonde,0,2017,115,"Action,Thriller",6.7,202907
tt2446042,Taken 3,0,2014,108,"Action,Crime,Thriller",6.0,200907
tt2463208,The Adam Project,0,2022,106,"Action,Adventure,Comedy",6.7,221794
tt2488496,Star Wars: Episode VII - The Force Awakens,0,2015,138,"Action,Adventure,Sci-Fi",7.8,959646
tt2527336,Star Wars: Episode VIII - The Last Jedi,0,2017,152,"Action,Adventure,Fantasy",6.9,659123
tt2527338,Star Wars: Episode IX - The Rise of Skywalker,0,2019,141,"Action,Adventure,Fantasy",6.4,479510
tt2543164,Arrival,0,2016,116,"Drama,Mystery,Sci-Fi",7.9,741880
tt2543472,Wonder,0,2017,113,"Drama,Family",7.9,174067
tt2562232,Birdman or (The Unexpected Virtue of Ignorance),0,2014,119,"Comedy,Drama",7.7,654627
tt2576852,The Tale of The Princess Kaguya,0,2013,137,"Animation,Drama,Family",8.0,51520
tt2582782,Hell or High Water,0,2016,102,"Crime,Drama,Thriller",7.6,244973
tt2582802,Whiplash,0,2014,106,"Drama,Music",8.5,940625
tt2582846,The Fault in Our Stars,0,2014,126,"Drama,Romance",7.7,393942
tt2584384,Jojo Rabbit,0,2019,108,"Comedy,Drama,War",7.9,424673
tt2631186,Baahubali: The Beginning,0,2015,159,"Action,Drama",8.0,132770
tt2637276,Ted 2,0,2015,115,Comedy,6.3,225263
tt2660888,Star Trek Beyond,0,2016,122,"Action,Adventure,Sci-Fi",7.0,254981
tt2674426,Me Before You,0,2016,110,"Drama,Romance",7.4,276396
tt2704998,Game Night,0,2018,100,"Action,Adventure,Comedy",6.9,250046
tt2709768,The Secret Life of Pets,0,2016,87,"Adventure,Animation,Comedy",6.5,212663
tt2713180,Fury,0,2014,134,"Action,Drama,War",7.6,527731
tt2719848,Everest,0,2015,121,"Action,Adventure,Biography",7.1,227259
tt2737304,Bird Box,0,2018,124,"Horror,Mystery,Sci-Fi",6.6,374317
tt2758880,Winter Sleep,0,2014,196,Drama,8.1,54253
tt2771200,Beauty and the Beast,0,2017,129,"Adventure,Family,Fantasy",7.1,326895
tt2788710,The Interview,0,2014,112,"Action,Adventure,Comedy",6.5,346860
tt2798920,Annihilation,0,2018,115,"Adventure,Drama,Horror",6.8,350803
tt2802144,Kingsman: The Secret Service,0,2014,129,"Action,Adventure,Comedy",7.7,700086
tt2820852,Furious 7,0,2015,137,"Action,Crime,Thriller",7.1,408095
tt2872718,Nightcrawler,0,2014,117,"Crime,Drama,Thriller",7.8,586369
tt2872732,Lucy,0,2014,89,"Action,Sci-Fi,Thriller",6.4,522022
tt2883512,Chef,0,2014,114,"Adventure,Comedy,Drama",7.3,226360
tt2908446,The Divergent Series: Insurgent,0,2015,119,"Action,Adventure,Sci-Fi",6.2,249522
tt2911666,John Wick,0,2014,101,"Action,Crime,Thriller",7.4,717927
tt2935510,Ad Astra,0,2019,123,"Adventure,Drama,Mystery",6.5,253938
tt2948356,Zootopia,0,2016,108,"Adventure,Animation,Comedy",8.0,529869
tt2948372,Soul,0,2020,100,"Adventure,Animation,Comedy",8.0,360612
tt2953050,Encanto,0,2021,102,"Animation,Comedy,Family",7.2,248183
tt2975590,Batman v Superman: Dawn of Justice,0,2016,151,"Action,Adventure,Sci-Fi",6.5,741923
tt2980516,The Theory of Everything,0,2014,123,"Biography,Drama,Romance",7.7,472403
tt2991224,Tangerines,0,2013,87,"Drama,War",8.1,48126
tt3011894,Wild Tales,0,2014,122,"Comedy,Drama,Thriller",8.1,210673
tt3040964,The Jungle Book,0,2016,106,"Adventure,Drama,Family",7.4,287603
tt3065204,The Conjuring 2,0,2016,134,"Horror,Mystery,Thriller",7.3,292523
tt3076658,Creed,0,2015,133,"Action,Drama,Sport",7.6,304233
tt3079380,Spy,0,2015,120,"Action,Comedy",7.0,254525
tt3110958,Now You See Me 2,0,2016,129,"Action,Adventure,Comedy",6.4,311679
tt3170832,Room,0,2015,118,"Drama,Thriller",8.1,440438
tt3183660,Fantastic Beasts and Where to Find Them,0,2016,132,"Adventure,Family,Fantasy",7.2,496868
tt3228774,Cruella,0,2021,134,"Adventure,Comedy,Crime",7.3,254824
tt3235888,It Follows,0,2014,100,"Horror,Mystery,Thriller",6.8,260849
tt3263904,Sully,0,2016,96,"Biography,Drama",7.4,290866
tt3281548,Little Women,0,2019,135,"Drama,Romance",7.8,230911
tt3315342,Logan,0,2017,137,"Action,Drama,Sci-Fi",8.1,808106
tt3322420,Queen,0,2013,146,"Adventure,Comedy,Drama",8.1,67653
tt3385516,X-Men: Apocalypse,0,2016,144,"Action,Adventure,Sci-Fi",6.9,452943
tt3390572,Haider,0,2014,160,"Action,Crime,Drama",8.0,56735
tt3397884,Sicario,0,2015,121,"Action,Crime,Drama",7.7,458260
tt3402236,Murder on the Orient Express,0,2017,114,"Crime,Drama,Mystery",6.5,280389
tt3417422,Drishyam,0,2013,160,"Crime,Drama,Thriller",8.3,43230
tt3450958,War for the Planet of the Apes,0,2017,140,"Action,Adventure,Drama",7.4,272769
tt3460252,The Hateful Eight,0,2015,168,"Crime,Drama,Mystery",7.8,640336
tt3464902,The Lobster,0,2015,119,"Drama,Romance,Sci-Fi",7.1,278175
tt3480822,Black Widow,0,2021,134,"Action,Adventure,Sci-Fi",6.7,410843
tt3498820,Captain America: Civil War,0,2016,147,"Action,Sci-Fi",7.8,830245
tt3501632,Thor: Ragnarok,0,2017,130,"Action,Adventure,Comedy",7.9,796267
tt3521164,Moana,0,2016,107,"Adventure,Animation,Comedy",7.6,363593
tt3532216,American Made,0,2017,115,"Action,Comedy,Crime",7.1,201040
tt3553976,Captain Fantastic,0,2016,118,"Comedy,Drama",7.8,229804
tt3606756,Incredibles 2,0,2018,118,"Action,Adventure,Animation",7.6,319827
tt3612616,Mommy,0,2014,139,Drama,8.0,60477
tt3659388,The Martian,0,2015,144,"Adventure,Drama,Sci-Fi",8.0,898896
tt3682448,Bridge of Spies,0,2015,142,"Drama,History,Thriller",7.6,322937
tt3704428,Elvis,0,2022,159,"Biography,Drama,Music",7.3,218396
tt3731562,Kong: Skull Island,0,2017,118,"Action,Adventure,Fantasy",6.7,337034
tt3741834,Lion,0,2016,118,"Biography,Drama",8.0,246265
tt3748528,Rogue One: A Star Wars Story,0,2016,133,"Action,Adventure,Sci-Fi",7.8,671369
tt3778644,Solo: A Star Wars Story,0,2018,135,"Action,Adventure,Sci-Fi",6.9,369891
tt3783958,La La Land,0,2016,128,"Comedy,Drama,Music",8.0,639385
tt3799694,The Nice Guys,0,2016,116,"Action,Comedy,Crime",7.4,357607
tt3863552,Bajrangi Bhaijaan,0,2015,163,"Action,Adventure,Comedy",8.1,94562
tt3890160,Baby Driver,0,2017,113,"Action,Crime,Drama",7.6,586253
tt3896198,Guardians of the Galaxy Vol. 2,0,2017,136,"Action,Adventure,Comedy",7.6,739517
tt4016934,The Handmaiden,0,2016,145,"Drama,Romance,Thriller",8.1,164571
tt4034228,Manchester by the Sea,0,2016,137,Drama,7.8,302155
tt4046784,Maze Runner: The Scorch Trials,0,2015,131,"Action,Adventure,Sci-Fi",6.3,267423
tt4123430,Fantastic Beasts: The Crimes of Grindelwald,0,2018,134,"Adventure,Family,Fantasy",6.5,300616
tt4154664,Captain Marvel,0,2019,123,"Action,Adventure,Sci-Fi",6.8,593859
tt4154756,Avengers: Infinity War,0,2018,149,"Action,Adventure,Sci-Fi",8.4,1163248
tt4154796,Avengers: Endgame,0,2019,181,"Action,Adventure,Drama",8.4,1222786
tt4160708,Don't Breathe,0,2016,88,"Crime,Horror,Thriller",7.1,292939
tt4169250,M.S. Dhoni: The Untold Story,0,2016,184,"Biography,Drama,Sport",8.0,65510
tt4196776,Jason Bourne,0,2016,123,"Action,Thriller",6.6,237650
tt4263482,The Witch,0,2015,92,"Drama,Fantasy,Horror",7.0,288453
tt4425200,John Wick: Chapter 2,0,2017,122,"Action,Crime,Thriller",7.4,494742
tt4430212,Drishyam,0,2015,163,"Crime,Drama,Mystery",8.2,91410
tt4513678,Ghostbusters: Afterlife,0,2021,124,"Adventure,Comedy,Fantasy",7.1,202964
tt4550098,Nocturnal Animals,0,2016,116,"Drama,Thriller",7.5,296274
tt4555426,Darkest Hour,0,2017,125,"Biography,Drama,War",7.4,214579
tt4630562,The Fate of the Furious,0,2017,136,"Action,Crime,Thriller",6.6,248067
tt4633694,Spider-Man: Into the Spider-Verse,0,2018,117,"Action,Adventure,Animation",8.4,636848
tt4635372,Masaan,0,2015,109,Drama,8.1,30018
tt4649466,Kingsman: The Golden Circle,0,2017,141,"Action,Adventure,Comedy",6.7,352257
tt4729430,Klaus,0,2019,96,"Adventure,Animation,Comedy",8.2,173199
tt4779682,The Meg,0,2018,113,"Action,Horror,Sci-Fi",5.6,200841
tt4846340,Hidden Figures,0,2016,127,"Biography,Drama,History",7.8,247394
tt4849438,Baahubali 2: The Conclusion,0,2017,167,"Action,Drama",8.2,110150
tt4857264,The Invisible Guest,0,2016,106,"Crime,Drama,Mystery",8.0,187620
tt4881806,Jurassic World: Fallen Kingdom,0,2018,128,"Action,Adventure,Sci-Fi",6.1,335578
tt4912910,Mission: Impossible - Fallout,0,2018,147,"Action,Adventure,Thriller",7.7,367302
tt4925292,Lady Bird,0,2017,94,"Comedy,Drama",7.4,315692
tt4934950,Talvar,0,2015,132,"Crime,Drama,Mystery",8.1,37174
tt4972582,Split,0,2016,117,"Horror,Thriller",7.3,533130
tt4975722,Moonlight,0,2016,111,Drama,7.4,324283
tt5013056,Dunkirk,0,2017,106,"Action,Drama,History",7.8,715994
tt5027774,"Three Billboards Outside Ebbing, Missouri",0,2017,115,"Comedy,Crime,Drama",8.1,539212
tt5034838,Godzilla vs. Kong,0,2021,113,"Action,Sci-Fi,Thriller",6.3,227131
tt5052448,Get Out,0,2017,104,"Horror,Mystery,Thriller",7.8,666935
tt5074352,Dangal,0,2016,161,"Action,Biography,Drama",8.3,203027
tt5083738,The Favourite,0,2018,119,"Biography,Comedy,Drama",7.5,214015
tt5095030,Ant-Man and the Wasp,0,2018,118,"Action,Adventure,Comedy",7.0,437054
tt5109784,Mother!,0,2017,121,"Drama,Horror,Mystery",6.6,242822
tt5164214,Ocean's Eight,0,2018,110,"Action,Comedy,Crime",6.3,235606
tt5198068,Wolfwalkers,0,2020,103,"Action,Adventure,Animation",8.0,36896
tt5311514,Your Name.,0,2016,106,"Animation,Drama,Fantasy",8.4,302328
tt5323662,A Silent Voice: The Movie,0,2016,130,"Animation,Drama",8.1,94828
tt5362988,Wind River,0,2017,107,"Crime,Drama,Mystery",7.7,270677
tt5442430,Life,0,2017,104,"Horror,Sci-Fi,Thriller",6.6,245927
tt5463162,Deadpool 2,0,2018,119,"Action,Adventure,Comedy",7.6,622732
tt5519340,Bright,0,2017,117,"Action,Fantasy,Thriller",6.3,198371
tt5537002,Killers of the Flower Moon,0,2023,206,"Crime,Drama,History",8.1,64373
tt5571734,Pink,0,2016,136,"Crime,Drama,Thriller",8.1,47167
tt5580036,"I, Tonya",0,2017,119,"Biography,Comedy,Drama",7.5,235321
tt5580390,The Shape of Water,0,2017,123,"Drama,Fantasy,Romance",7.3,438946
tt5606664,Doctor Sleep,0,2019,152,"Drama,Fantasy,Horror",7.3,210877
tt5700672,Train to Busan,0,2016,118,"Action,Horror,Thriller",7.6,245182
tt5726616,Call Me by Your Name,0,2017,132,"Drama,Romance",7.8,299700
tt5727208,Uncut Gems,0,2019,135,"Crime,Drama,Thriller",7.4,306342
tt6105098,The Lion King,0,2019,118,"Adventure,Animation,Drama",6.8,260650
tt6139732,Aladdin,0,2019,128,"Adventure,Comedy,Family",6.9,283295
tt6146586,John Wick: Chapter 3 - Parabellum,0,2019,130,"Action,Crime,Thriller",7.4,409352
tt6148156,Vikram Vedha,0,2017,147,"Action,Crime,Drama",8.2,49303
tt6264654,Free Guy,0,2021,115,"Action,Adventure,Comedy",7.1,405844
tt6316138,Ayla: The Daughter of War,0,2017,125,"Biography,Drama,History",8.3,42609
tt6320628,Spider-Man: Far from Home,0,2019,129,"Action,Adventure,Comedy",7.4,535340
tt6334354,The Suicide Squad,0,2021,132,"Action,Adventure,Comedy",7.2,389872
tt6443346,Black Adam,0,2022,125,"Action,Adventure,Fantasy",6.2,261799
tt6499752,Upgrade,0,2018,100,"Action,Sci-Fi,Thriller",7.5,199678
tt6565702,Dark Phoenix,0,2019,113,"Action,Adventure,Sci-Fi",5.7,199297
tt6628102,The Wild Pear Tree,0,2018,188,Drama,8.0,26602
tt6644200,A Quiet Place,0,2018,90,"Drama,Horror,Sci-Fi",7.5,566221
tt6710474,Everything Everywhere All at Once,0,2022,139,"Action,Adventure,Comedy",7.8,485716
tt6718170,The Super Mario Bros. Movie,0,2023,92,"Adventure,Animation,Comedy",7.1,200708
tt6723592,Tenet,0,2020,150,"Action,Sci-Fi,Thriller",7.3,565834
tt6751668,Parasite,0,2019,132,"Drama,Thriller",8.5,898402
tt6791350,Guardians of the Galaxy Vol. 3,0,2023,150,"Action,Adventure,Comedy",7.9,337214
tt6806448,Fast & Furious Presents: Hobbs & Shaw,0,2019,137,"Action,Adventure,Thriller",6.5,229523
tt6823368,Glass,0,2019,129,"Drama,Horror,Sci-Fi",6.6,260139
tt6857112,Us,0,2019,116,"Horror,Mystery,Thriller",6.8,328876
tt6966692,Green Book,0,2018,130,"Biography,Comedy,Drama",8.2,540114
tt7019842,96,0,2018,158,"Drama,Romance",8.5,34743
tt7060344,Raatchasan,0,2018,170,"Action,Crime,Drama",8.3,48686
tt7097896,Venom: Let There Be Carnage,0,2021,97,"Action,Sci-Fi,Thriller",5.9,249520
tt7126948,Wonder Woman 1984,0,2020,151,"Action,Adventure,Fantasy",5.4,285398
tt7131622,Once Upon a Time in Hollywood,0,2019,161,"Comedy,Drama",7.6,806419
tt7286456,Joker,0,2019,122,"Crime,Drama,Thriller",8.4,1415444
tt7349662,BlacKkKlansman,0,2018,135,"Biography,Comedy,Crime",7.5,282167
tt7349950,It Chapter Two,0,2019,169,"Drama,Fantasy,Horror",6.5,291545
tt7392212,Rangasthalam 1985,0,2018,170,"Action,Drama",8.2,26776
tt7466810,777 Charlie,0,2022,164,"Adventure,Comedy,Drama",8.8,37298
tt7653254,Marriage Story,0,2019,137,"Drama,Romance",7.9,334656
tt7713068,Birds of Prey,0,2020,109,"Action,Comedy,Crime",6.1,257544
tt7784604,Hereditary,0,2018,127,"Drama,Horror,Mystery",7.3,359492
tt7838252,K.G.F: Chapter 1,0,2018,154,"Action,Crime,Drama",8.2,94686
tt7846844,Enola Holmes,0,2020,123,"Action,Adventure,Crime",6.6,210986
tt7888964,Nobody,0,2021,92,"Action,Crime,Drama",7.4,308137
tt7975244,Jumanji: The Next Level,0,2019,123,"Action,Adventure,Comedy",6.7,272104
tt7984734,The Lighthouse,0,2019,109,"Drama,Fantasy,Horror",7.4,242028
tt7991608,Red Notice,0,2021,118,"Action,Comedy,Thriller",6.3,302490
tt8108198,Andhadhun,0,2018,139,"Crime,Mystery,Thriller",8.2,99535
tt8228288,The Platform,0,2019,94,"Horror,Sci-Fi,Thriller",7.0,258502
tt8239946,Tumbbad,0,2018,104,"Drama,Fantasy,Horror",8.2,55994
tt8267604,Capernaum,0,2018,126,Drama,8.4,100202
tt8291224,Uri: The Surgical Strike,0,2019,138,"Action,Drama,History",8.2,69568
tt8332922,A Quiet Place Part II,0,2020,97,"Drama,Horror,Sci-Fi",7.2,261232
tt8367814,The Gentlemen,0,2019,113,"Action,Crime",7.8,374036
tt8503618,Hamilton,0,2020,160,"Biography,Drama,History",8.3,107386
tt8579674,1917,0,2019,119,"Action,Drama,War",8.2,647172
tt8613070,Portrait of a Lady on Fire,0,2019,122,"Drama,Romance",8.1,103776
tt8633462,"Quo Vadis, Aida?",0,2020,101,"Drama,History,War",8.0,37033
tt8772262,Midsommar,0,2019,148,"Drama,Horror,Mystery",7.1,375878
tt8936646,Extraction,0,2020,116,"Action,Thriller",6.8,253155
tt8946378,Knives Out,0,2019,130,"Comedy,Crime,Drama",7.9,745213
tt9032400,Eternals,0,2021,156,"Action,Adventure,Fantasy",6.3,371875
tt9052870,Chhichhore,0,2019,143,"Comedy,Drama,Romance",8.3,60450
tt9114286,Black Panther: Wakanda Forever,0,2022,161,"Action,Adventure,Drama",6.7,288626
tt9179430,Vikram,0,2022,175,"Action,Crime,Thriller",8.3,69035
tt9243946,El Camino: A Breaking Bad Movie,0,2019,122,"Action,Crime,Drama",7.3,279981
tt9263550,Rocketry: The Nambi Effect,0,2022,157,"Biography,Drama",8.7,55896
tt9362722,Spider-Man: Across the Spider-Verse,0,2023,140,"Action,Adventure,Animation",8.7,284771
tt9376612,Shang-Chi and the Legend of the Ten Rings,0,2021,132,"Action,Adventure,Fantasy",7.4,418424
tt9419884,Doctor Strange in the Multiverse of Madness,0,2022,126,"Action,Adventure,Fantasy",6.9,457488
tt9477520,Asuran,0,2019,141,"Action,Drama",8.4,32362
tt9620292,Promising Young Woman,0,2020,113,"Crime,Drama,Mystery",7.5,198087
tt9764362,The Menu,0,2022,107,"Comedy,Horror,Thriller",7.2,358259
tt9777666,The Tomorrow War,0,2021,138,"Action,Adventure,Drama",6.6,220313
tt9900782,Kaithi,0,2019,145,"Action,Adventure,Crime",8.4,39422
